id;name;is_closed;url;review_count;rating;categories;city;state;zipcode
hrGdhXmRjZxfdVuJswNvSQ;The Ranch Restaurant;False;https://www.yelp.com/biz/the-ranch-restaurant-anaheim-3?adjust_creative=7HSD_ElH0JEr7gKDNC3cNQ&utm_campaign=yelp_api_v3&utm_medium=api_v3_business_search&utm_source=7HSD_ElH0JEr7gKDNC3cNQ;2884;4.5;{'alias': 'newamerican', 'title': 'American (New)'};Anaheim;CA;92805
H9pwo4XFhwezTh3UrttDCQ;Tortilla Jo's;False;https://www.yelp.com/biz/tortilla-jos-anaheim?adjust_creative=7HSD_ElH0JEr7gKDNC3cNQ&utm_campaign=yelp_api_v3&utm_medium=api_v3_business_search&utm_source=7HSD_ElH0JEr7gKDNC3cNQ;4846;4.0;{'alias': 'mexican', 'title': 'Mexican'};Anaheim;CA;92802

8vU53zv6K77w3dKjE2n9Ig;Naples Ristorante E Bar;False;https://www.yelp.com/biz/naples-ristorante-e-bar-anaheim?adjust_creative=7HSD_ElH0JEr7gKDNC3cNQ&utm_campaign=yelp_api_v3&utm_medium=api_v3_business_search&utm_source=7HSD_ElH0JEr7gKDNC3cNQ;3894;4.0;{'alias': 'italian', 'title': 'Italian'};Anaheim;CA;92802

c4VCB4HCurF-62vxxVWCkg;Uva Bar & Cafe;False;https://www.yelp.com/biz/uva-bar-and-cafe-anaheim-4?adjust_creative=7HSD_ElH0JEr7gKDNC3cNQ&utm_campaign=yelp_api_v3&utm_medium=api_v3_business_search&utm_source=7HSD_ElH0JEr7gKDNC3cNQ;1967;4.0;{'alias': 'bars', 'title': 'Bars'};Anaheim;CA;92802

CyBWEa8Tox_WLN8zYgRydw;The Fifth;False;https://www.yelp.com/biz/the-fifth-anaheim-2?adjust_creative=7HSD_ElH0JEr7gKDNC3cNQ&utm_campaign=yelp_api_v3&utm_medium=api_v3_business_search&utm_source=7HSD_ElH0JEr7gKDNC3cNQ;1649;4.0;{'alias': 'cocktailbars', 'title': 'Cocktail Bars'};Anaheim;CA;92802

HTf7kEAZZ4KkWmoxyeLq3Q;Flightdeck;False;https://www.yelp.com/biz/flightdeck-anaheim?adjust_creative=7HSD_ElH0JEr7gKDNC3cNQ&utm_campaign=yelp_api_v3&utm_medium=api_v3_business_search&utm_source=7HSD_ElH0JEr7gKDNC3cNQ;433;4.5;{'alias': 'amusementparks', 'title': 'Amusement Parks'};Anaheim;CA;92802

Vw1wC4Jrk3dTnr8V5uvFpA;Hotel Indigo Anaheim;False;https://www.yelp.com/biz/hotel-indigo-anaheim-anaheim?adjust_creative=7HSD_ElH0JEr7gKDNC3cNQ&utm_campaign=yelp_api_v3&utm_medium=api_v3_business_search&utm_source=7HSD_ElH0JEr7gKDNC3cNQ;375;4.0;{'alias': 'hotels', 'title': 'Hotels'};Anaheim;CA;92802

AhSfNqdqB2rNv6L35P15xQ;White House Banquets & Event Center;False;https://www.yelp.com/biz/white-house-banquets-and-event-center-anaheim?adjust_creative=7HSD_ElH0JEr7gKDNC3cNQ&utm_campaign=yelp_api_v3&utm_medium=api_v3_business_search&utm_source=7HSD_ElH0JEr7gKDNC3cNQ;132;5.0;{'alias': 'venues', 'title': 'Venues & Event Spaces'};Anaheim;CA;92804

Xzs92dubaqfnAsPGliu6ug;Detention;False;https://www.yelp.com/biz/detention-santa-ana?adjust_creative=7HSD_ElH0JEr7gKDNC3cNQ&utm_campaign=yelp_api_v3&utm_medium=api_v3_business_search&utm_source=7HSD_ElH0JEr7gKDNC3cNQ;3371;4.5;{'alias': 'newamerican', 'title': 'American (New)'};Santa Ana;CA;92701

aTc9_8tWY6LWvQ-Ndekqhw;Honda Center;False;https://www.yelp.com/biz/honda-center-anaheim-6?adjust_creative=7HSD_ElH0JEr7gKDNC3cNQ&utm_campaign=yelp_api_v3&utm_medium=api_v3_business_search&utm_source=7HSD_ElH0JEr7gKDNC3cNQ;853;3.5;{'alias': 'stadiumsarenas', 'title': 'Stadiums & Arenas'};Anaheim;CA;92806

wYlpOiwEjFjgAQsJhzANiQ;The Ranch Events Center;False;https://www.yelp.com/biz/the-ranch-events-center-anaheim?adjust_creative=7HSD_ElH0JEr7gKDNC3cNQ&utm_campaign=yelp_api_v3&utm_medium=api_v3_business_search&utm_source=7HSD_ElH0JEr7gKDNC3cNQ;80;5.0;{'alias': 'venues', 'title': 'Venues & Event Spaces'};Anaheim;CA;92805

4ZO3gloUdFZMyPgBWsA-Ew;Phoenix Club;False;https://www.yelp.com/biz/phoenix-club-anaheim?adjust_creative=7HSD_ElH0JEr7gKDNC3cNQ&utm_campaign=yelp_api_v3&utm_medium=api_v3_business_search&utm_source=7HSD_ElH0JEr7gKDNC3cNQ;278;4.0;{'alias': 'german', 'title': 'German'};Anaheim;CA;92806

eTNR_q5njQgNHGVe7xt50A;The Vintage Rose;False;https://www.yelp.com/biz/the-vintage-rose-orange-3?adjust_creative=7HSD_ElH0JEr7gKDNC3cNQ&utm_campaign=yelp_api_v3&utm_medium=api_v3_business_search&utm_source=7HSD_ElH0JEr7gKDNC3cNQ;548;5.0;{'alias': 'wedding_planning', 'title': 'Wedding Planning'};Orange;CA;92867

c2KI3tOQZz-irdyIO8UyzA;Seascape Kids Fun;False;https://www.yelp.com/biz/seascape-kids-fun-anaheim?adjust_creative=7HSD_ElH0JEr7gKDNC3cNQ&utm_campaign=yelp_api_v3&utm_medium=api_v3_business_search&utm_source=7HSD_ElH0JEr7gKDNC3cNQ;376;4.0;{'alias': 'venues', 'title': 'Venues & Event Spaces'};Anaheim;CA;92807

egiZ7hjDdlos21zidDfngg;Modern Times - Leisuretown;False;https://www.yelp.com/biz/modern-times-leisuretown-anaheim?adjust_creative=7HSD_ElH0JEr7gKDNC3cNQ&utm_campaign=yelp_api_v3&utm_medium=api_v3_business_search&utm_source=7HSD_ElH0JEr7gKDNC3cNQ;253;4.0;{'alias': 'breweries', 'title': 'Breweries'};Anaheim;CA;92805

pV-v84UG6Qxs50QPMw8E6g;Concourse Bowling Center;False;https://www.yelp.com/biz/concourse-bowling-center-anaheim?adjust_creative=7HSD_ElH0JEr7gKDNC3cNQ&utm_campaign=yelp_api_v3&utm_medium=api_v3_business_search&utm_source=7HSD_ElH0JEr7gKDNC3cNQ;475;3.5;{'alias': 'bowling', 'title': 'Bowling'};Anaheim;CA;92806

B5_sVcd_VdwAFVPc8jcrng;K1 Speed;False;https://www.yelp.com/biz/k1-speed-anaheim?adjust_creative=7HSD_ElH0JEr7gKDNC3cNQ&utm_campaign=yelp_api_v3&utm_medium=api_v3_business_search&utm_source=7HSD_ElH0JEr7gKDNC3cNQ;576;3.5;{'alias': 'amusementparks', 'title': 'Amusement Parks'};Anaheim;CA;92806

WTrH6DU_A6-8D1fTbPMlpQ;House of Blues - Music Venue;False;https://www.yelp.com/biz/house-of-blues-music-venue-anaheim-2?adjust_creative=7HSD_ElH0JEr7gKDNC3cNQ&utm_campaign=yelp_api_v3&utm_medium=api_v3_business_search&utm_source=7HSD_ElH0JEr7gKDNC3cNQ;607;3.5;{'alias': 'musicvenues', 'title': 'Music Venues'};Anaheim;CA;92802

Yp_p5BW9fa57lhXh3x6R2g;The Ranch Saloon;False;https://www.yelp.com/biz/the-ranch-saloon-anaheim?adjust_creative=7HSD_ElH0JEr7gKDNC3cNQ&utm_campaign=yelp_api_v3&utm_medium=api_v3_business_search&utm_source=7HSD_ElH0JEr7gKDNC3cNQ;530;3.5;{'alias': 'countrydancehalls', 'title': 'Country Dance Halls'};Anaheim;CA;92805

FpvgOVD1irtxf_FbkEO0OQ;Riverbed Farm;False;https://www.yelp.com/biz/riverbed-farm-anaheim?adjust_creative=7HSD_ElH0JEr7gKDNC3cNQ&utm_campaign=yelp_api_v3&utm_medium=api_v3_business_search&utm_source=7HSD_ElH0JEr7gKDNC3cNQ;71;4.5;{'alias': 'farmersmarket', 'title': 'Farmers Market'};Anaheim;CA;92805

rogAXeRrynyDuexUFf5KNg;Anaheim Convention Center;False;https://www.yelp.com/biz/anaheim-convention-center-anaheim-2?adjust_creative=7HSD_ElH0JEr7gKDNC3cNQ&utm_campaign=yelp_api_v3&utm_medium=api_v3_business_search&utm_source=7HSD_ElH0JEr7gKDNC3cNQ;331;3.5;{'alias': 'venues', 'title': 'Venues & Event Spaces'};Anaheim;CA;92802

pTaKcs8GE70dd7V3SNjpxg;Fairfield by Marriott Anaheim Resort;False;https://www.yelp.com/biz/fairfield-by-marriott-anaheim-resort-anaheim?adjust_creative=7HSD_ElH0JEr7gKDNC3cNQ&utm_campaign=yelp_api_v3&utm_medium=api_v3_business_search&utm_source=7HSD_ElH0JEr7gKDNC3cNQ;516;3.5;{'alias': 'hotels', 'title': 'Hotels'};Anaheim;CA;92802

irJx9plItSXD537usZplfw;The Tulsa Rib Company;False;https://www.yelp.com/biz/the-tulsa-rib-company-and-catering-orange?adjust_creative=7HSD_ElH0JEr7gKDNC3cNQ&utm_campaign=yelp_api_v3&utm_medium=api_v3_business_search&utm_source=7HSD_ElH0JEr7gKDNC3cNQ;736;4.0;{'alias': 'bbq', 'title': 'Barbeque'};Orange;CA;92867

OAVReI-Y8AGu0ePyPGuF1Q;Fullerton Arboretum;False;https://www.yelp.com/biz/fullerton-arboretum-fullerton?adjust_creative=7HSD_ElH0JEr7gKDNC3cNQ&utm_campaign=yelp_api_v3&utm_medium=api_v3_business_search&utm_source=7HSD_ElH0JEr7gKDNC3cNQ;413;4.5;{'alias': 'gardens', 'title': 'Botanical Gardens'};Fullerton;CA;92831

J4-dsxNqgW4PabwcwmZ8mQ;Bowlero Anaheim;False;https://www.yelp.com/biz/bowlero-anaheim-anaheim-2?adjust_creative=7HSD_ElH0JEr7gKDNC3cNQ&utm_campaign=yelp_api_v3&utm_medium=api_v3_business_search&utm_source=7HSD_ElH0JEr7gKDNC3cNQ;432;3.5;{'alias': 'eatertainment', 'title': 'Eatertainment'};Anaheim;CA;92802

JbX8YUb2JpaHiS8Ws2tXRw;Angelo's and Vinci's Ristorante;False;https://www.yelp.com/biz/angelos-and-vincis-ristorante-fullerton?adjust_creative=7HSD_ElH0JEr7gKDNC3cNQ&utm_campaign=yelp_api_v3&utm_medium=api_v3_business_search&utm_source=7HSD_ElH0JEr7gKDNC3cNQ;1144;3.5;{'alias': 'italian', 'title': 'Italian'};Fullerton;CA;92832

w-HBI43YTbOEocmISNNWMQ;Hyatt Regency Orange County;False;https://www.yelp.com/biz/hyatt-regency-orange-county-garden-grove?adjust_creative=7HSD_ElH0JEr7gKDNC3cNQ&utm_campaign=yelp_api_v3&utm_medium=api_v3_business_search&utm_source=7HSD_ElH0JEr7gKDNC3cNQ;840;3.5;{'alias': 'hotels', 'title': 'Hotels'};Garden Grove;CA;92840

GoCSLdFqFksK_unaLrLReA;City National Grove Of Anaheim;False;https://www.yelp.com/biz/city-national-grove-of-anaheim-anaheim-3?adjust_creative=7HSD_ElH0JEr7gKDNC3cNQ&utm_campaign=yelp_api_v3&utm_medium=api_v3_business_search&utm_source=7HSD_ElH0JEr7gKDNC3cNQ;321;3.5;{'alias': 'musicvenues', 'title': 'Music Venues'};Anaheim;CA;92806

Qs834fmKwU1Xtbhgd6yxig;The Griffith House;False;https://www.yelp.com/biz/the-griffith-house-anaheim?adjust_creative=7HSD_ElH0JEr7gKDNC3cNQ&utm_campaign=yelp_api_v3&utm_medium=api_v3_business_search&utm_source=7HSD_ElH0JEr7gKDNC3cNQ;45;5.0;{'alias': 'venues', 'title': 'Venues & Event Spaces'};Anaheim;CA;92806

V7xTNbFbCFWinsxdd1wW9Q;D'Vine;False;https://www.yelp.com/biz/d-vine-fullerton?adjust_creative=7HSD_ElH0JEr7gKDNC3cNQ&utm_campaign=yelp_api_v3&utm_medium=api_v3_business_search&utm_source=7HSD_ElH0JEr7gKDNC3cNQ;431;4.0;{'alias': 'mediterranean', 'title': 'Mediterranean'};Fullerton;CA;92832

RJbhEf58GTlpV7YA0id-jw;Knott's Berry Farm;False;https://www.yelp.com/biz/knotts-berry-farm-buena-park?adjust_creative=7HSD_ElH0JEr7gKDNC3cNQ&utm_campaign=yelp_api_v3&utm_medium=api_v3_business_search&utm_source=7HSD_ElH0JEr7gKDNC3cNQ;3822;3.5;{'alias': 'amusementparks', 'title': 'Amusement Parks'};Buena Park;CA;90620

ERGZ8i7Rua5M_KPWw_GTKQ;Hidalgo�s Cocina & C�cteles;False;https://www.yelp.com/biz/hidalgo-s-cocina-and-c%C3%B3cteles-fullerton?adjust_creative=7HSD_ElH0JEr7gKDNC3cNQ&utm_campaign=yelp_api_v3&utm_medium=api_v3_business_search&utm_source=7HSD_ElH0JEr7gKDNC3cNQ;476;4.0;{'alias': 'mexican', 'title': 'Mexican'};Fullerton;CA;92832

lyU-xM3_ElgbolC91whzsw;Sheraton Park Hotel at the Anaheim Resort;False;https://www.yelp.com/biz/sheraton-park-hotel-at-the-anaheim-resort-anaheim?adjust_creative=7HSD_ElH0JEr7gKDNC3cNQ&utm_campaign=yelp_api_v3&utm_medium=api_v3_business_search&utm_source=7HSD_ElH0JEr7gKDNC3cNQ;457;3.0;{'alias': 'hotels', 'title': 'Hotels'};Anaheim;CA;92802

HLhUIZc6XO_kSeUJnd_UGA;Sonesta Anaheim Resort Area;False;https://www.yelp.com/biz/sonesta-anaheim-resort-area-anaheim?adjust_creative=7HSD_ElH0JEr7gKDNC3cNQ&utm_campaign=yelp_api_v3&utm_medium=api_v3_business_search&utm_source=7HSD_ElH0JEr7gKDNC3cNQ;312;3.5;{'alias': 'hotels', 'title': 'Hotels'};Anaheim;CA;92802

rFBZDxQT-Pzo2M4_n5CrBQ;Casa Bella Banquet Facility;False;https://www.yelp.com/biz/casa-bella-banquet-facility-anaheim-2?adjust_creative=7HSD_ElH0JEr7gKDNC3cNQ&utm_campaign=yelp_api_v3&utm_medium=api_v3_business_search&utm_source=7HSD_ElH0JEr7gKDNC3cNQ;47;4.5;{'alias': 'venues', 'title': 'Venues & Event Spaces'};Anaheim;CA;92805

j6VhTKGmIGXXYH_KSU79wQ;The Hacienda;False;https://www.yelp.com/biz/the-hacienda-santa-ana?adjust_creative=7HSD_ElH0JEr7gKDNC3cNQ&utm_campaign=yelp_api_v3&utm_medium=api_v3_business_search&utm_source=7HSD_ElH0JEr7gKDNC3cNQ;288;4.5;{'alias': 'venues', 'title': 'Venues & Event Spaces'};Santa Ana;CA;92706

j-vQVBpmUbBurX96xu5M2Q;Business Expo Center;False;https://www.yelp.com/biz/business-expo-center-anaheim-4?adjust_creative=7HSD_ElH0JEr7gKDNC3cNQ&utm_campaign=yelp_api_v3&utm_medium=api_v3_business_search&utm_source=7HSD_ElH0JEr7gKDNC3cNQ;70;4.5;{'alias': 'venues', 'title': 'Venues & Event Spaces'};Anaheim;CA;92805

WNck-8az9RiWB4N-TLmErA;Colette's Catering & Events;False;https://www.yelp.com/biz/colettes-catering-and-events-fullerton?adjust_creative=7HSD_ElH0JEr7gKDNC3cNQ&utm_campaign=yelp_api_v3&utm_medium=api_v3_business_search&utm_source=7HSD_ElH0JEr7gKDNC3cNQ;126;4.5;{'alias': 'catering', 'title': 'Caterers'};Fullerton;CA;92831

PQFfHrGEInUHxb_c7ziwzA;Century Stadium 25 and XD;False;https://www.yelp.com/biz/century-stadium-25-and-xd-orange?adjust_creative=7HSD_ElH0JEr7gKDNC3cNQ&utm_campaign=yelp_api_v3&utm_medium=api_v3_business_search&utm_source=7HSD_ElH0JEr7gKDNC3cNQ;533;3.5;{'alias': 'movietheaters', 'title': 'Cinema'};Orange;CA;92867

wsVAd5q65HrYbSkXq4i-aw;Mon Amour Banquet;False;https://www.yelp.com/biz/mon-amour-banquet-anaheim?adjust_creative=7HSD_ElH0JEr7gKDNC3cNQ&utm_campaign=yelp_api_v3&utm_medium=api_v3_business_search&utm_source=7HSD_ElH0JEr7gKDNC3cNQ;70;4.0;{'alias': 'venues', 'title': 'Venues & Event Spaces'};Anaheim;CA;92801

t571M7qrPnvN5uIBQ_yRbg;Courtyard by Marriott Anaheim Resort/Convention Center;False;https://www.yelp.com/biz/courtyard-by-marriott-anaheim-resort-convention-center-anaheim?adjust_creative=7HSD_ElH0JEr7gKDNC3cNQ&utm_campaign=yelp_api_v3&utm_medium=api_v3_business_search&utm_source=7HSD_ElH0JEr7gKDNC3cNQ;194;3.5;{'alias': 'hotels', 'title': 'Hotels'};Anaheim;CA;92802

9UJRa8VH8C9NdqFdINd9zQ;Holiday Inn & Suites Anaheim;False;https://www.yelp.com/biz/holiday-inn-and-suites-anaheim-anaheim?adjust_creative=7HSD_ElH0JEr7gKDNC3cNQ&utm_campaign=yelp_api_v3&utm_medium=api_v3_business_search&utm_source=7HSD_ElH0JEr7gKDNC3cNQ;333;3.0;{'alias': 'hotels', 'title': 'Hotels'};Anaheim;CA;92802

1_t66uVkrY8NIZ7NqYUEDw;Orange Hill Restaurant & Events;False;https://www.yelp.com/biz/orange-hill-restaurant-and-events-orange?adjust_creative=7HSD_ElH0JEr7gKDNC3cNQ&utm_campaign=yelp_api_v3&utm_medium=api_v3_business_search&utm_source=7HSD_ElH0JEr7gKDNC3cNQ;3440;3.5;{'alias': 'steak', 'title': 'Steakhouses'};Orange;CA;92869

GE7S9nNPhIpyCM1m7bywAg;Bowers Museum;False;https://www.yelp.com/biz/bowers-museum-santa-ana?adjust_creative=7HSD_ElH0JEr7gKDNC3cNQ&utm_campaign=yelp_api_v3&utm_medium=api_v3_business_search&utm_source=7HSD_ElH0JEr7gKDNC3cNQ;347;4.0;{'alias': 'museums', 'title': 'Museums'};Santa Ana;CA;92706

CiBvd7ZyGDCq9Nun9rafLA;MAZ caf� con leche;False;https://www.yelp.com/biz/maz-caf%C3%A9-con-leche-santa-ana-2?adjust_creative=7HSD_ElH0JEr7gKDNC3cNQ&utm_campaign=yelp_api_v3&utm_medium=api_v3_business_search&utm_source=7HSD_ElH0JEr7gKDNC3cNQ;368;4.5;{'alias': 'cafes', 'title': 'Cafes'};Santa Ana;CA;92701

7Kbjd_nMVZEL0asSHgBo7A;Richard Nixon Presidential Library & Museum;False;https://www.yelp.com/biz/richard-nixon-presidential-library-and-museum-yorba-linda-2?adjust_creative=7HSD_ElH0JEr7gKDNC3cNQ&utm_campaign=yelp_api_v3&utm_medium=api_v3_business_search&utm_source=7HSD_ElH0JEr7gKDNC3cNQ;399;4.5;{'alias': 'museums', 'title': 'Museums'};Yorba Linda;CA;92886

Ur9P8_zbCZYmSWXDdPXI1Q;Alta Vista Country Club;False;https://www.yelp.com/biz/alta-vista-country-club-placentia?adjust_creative=7HSD_ElH0JEr7gKDNC3cNQ&utm_campaign=yelp_api_v3&utm_medium=api_v3_business_search&utm_source=7HSD_ElH0JEr7gKDNC3cNQ;174;4.5;{'alias': 'golf', 'title': 'Golf'};Placentia;CA;92870

SBtZ3FgaZIHFsDshw-swuQ;The Colony House;False;https://www.yelp.com/biz/the-colony-house-anaheim?adjust_creative=7HSD_ElH0JEr7gKDNC3cNQ&utm_campaign=yelp_api_v3&utm_medium=api_v3_business_search&utm_source=7HSD_ElH0JEr7gKDNC3cNQ;55;4.0;{'alias': 'wedding_planning', 'title': 'Wedding Planning'};Anaheim;CA;92805

u3e4m621C6bGfF_TnoCQXA;Lucky Strike Orange County;False;https://www.yelp.com/biz/lucky-strike-orange-county-orange-5?adjust_creative=7HSD_ElH0JEr7gKDNC3cNQ&utm_campaign=yelp_api_v3&utm_medium=api_v3_business_search&utm_source=7HSD_ElH0JEr7gKDNC3cNQ;448;3.5;{'alias': 'bowling', 'title': 'Bowling'};Orange;CA;92868

xoKZEH6hlhZZZ6XKpYNzfg;MUZEO;False;https://www.yelp.com/biz/muzeo-anaheim?adjust_creative=7HSD_ElH0JEr7gKDNC3cNQ&utm_campaign=yelp_api_v3&utm_medium=api_v3_business_search&utm_source=7HSD_ElH0JEr7gKDNC3cNQ;84;3.5;{'alias': 'museums', 'title': 'Museums'};Anaheim;CA;92805

TY01RWuo4CxM_kYV1DuhlA;Paracel Seafood;False;https://www.yelp.com/biz/paracel-seafood-westminster-2?adjust_creative=7HSD_ElH0JEr7gKDNC3cNQ&utm_campaign=yelp_api_v3&utm_medium=api_v3_business_search&utm_source=7HSD_ElH0JEr7gKDNC3cNQ;286;4.5;{'alias': 'chinese', 'title': 'Chinese'};Westminster;CA;92683

iFrTMnTuLlGvJ-8dRGaAyg;OC Greekfest;False;https://www.yelp.com/biz/oc-greekfest-anaheim-3?adjust_creative=7HSD_ElH0JEr7gKDNC3cNQ&utm_campaign=yelp_api_v3&utm_medium=api_v3_business_search&utm_source=7HSD_ElH0JEr7gKDNC3cNQ;69;4.0;{'alias': 'venues', 'title': 'Venues & Event Spaces'};Anaheim;CA;92801

AHRcQwtHiK7S1zNLgRd-Iw;EKO Karaoke Lounge;False;https://www.yelp.com/biz/eko-karaoke-lounge-buena-park?adjust_creative=7HSD_ElH0JEr7gKDNC3cNQ&utm_campaign=yelp_api_v3&utm_medium=api_v3_business_search&utm_source=7HSD_ElH0JEr7gKDNC3cNQ;163;5.0;{'alias': 'karaoke', 'title': 'Karaoke'};Buena Park;CA;90621

r7eva0JJeeK_pqHlk5gn1g;Barrel and Stave Pour House;False;https://www.yelp.com/biz/barrel-and-stave-pour-house-fullerton?adjust_creative=7HSD_ElH0JEr7gKDNC3cNQ&utm_campaign=yelp_api_v3&utm_medium=api_v3_business_search&utm_source=7HSD_ElH0JEr7gKDNC3cNQ;41;5.0;{'alias': 'beerbar', 'title': 'Beer Bar'};Fullerton;CA;92832

N1jJCYZS1QPjlCYPps5kfQ;Discovery Cube Orange County;False;https://www.yelp.com/biz/discovery-cube-orange-county-santa-ana?adjust_creative=7HSD_ElH0JEr7gKDNC3cNQ&utm_campaign=yelp_api_v3&utm_medium=api_v3_business_search&utm_source=7HSD_ElH0JEr7gKDNC3cNQ;770;3.5;"{'alias': 'childrensmuseums', 'title': ""Children's Museums""}";Santa Ana;CA;92705

ghyf-2jBaScj-Cd6nS6dGA;PLAYlive Nation;False;https://www.yelp.com/biz/playlive-nation-fullerton-2?adjust_creative=7HSD_ElH0JEr7gKDNC3cNQ&utm_campaign=yelp_api_v3&utm_medium=api_v3_business_search&utm_source=7HSD_ElH0JEr7gKDNC3cNQ;57;5.0;{'alias': 'arcades', 'title': 'Arcades'};Fullerton;CA;92831

nJ-QgaIQNc6rurie0VjkGw;Scooter's Jungle - Placentia;False;https://www.yelp.com/biz/scooters-jungle-placentia-placentia?adjust_creative=7HSD_ElH0JEr7gKDNC3cNQ&utm_campaign=yelp_api_v3&utm_medium=api_v3_business_search&utm_source=7HSD_ElH0JEr7gKDNC3cNQ;164;4.5;{'alias': 'venues', 'title': 'Venues & Event Spaces'};Placentia;CA;92870

WaMt5Khgn_HwO--H43qHrw;JW Marriott, Anaheim Resort;False;https://www.yelp.com/biz/jw-marriott-anaheim-resort-anaheim?adjust_creative=7HSD_ElH0JEr7gKDNC3cNQ&utm_campaign=yelp_api_v3&utm_medium=api_v3_business_search&utm_source=7HSD_ElH0JEr7gKDNC3cNQ;90;3.5;{'alias': 'hotels', 'title': 'Hotels'};Anaheim;CA;92802

nKZW9YWkITkcftFmw2atjA;The Frida Cinema;False;https://www.yelp.com/biz/the-frida-cinema-santa-ana?adjust_creative=7HSD_ElH0JEr7gKDNC3cNQ&utm_campaign=yelp_api_v3&utm_medium=api_v3_business_search&utm_source=7HSD_ElH0JEr7gKDNC3cNQ;148;4.5;{'alias': 'movietheaters', 'title': 'Cinema'};Santa Ana;CA;92701

5845C4-hAY3Y3BkKuRCbYg;Tustin Florist;False;https://www.yelp.com/biz/tustin-florist-orange-2?adjust_creative=7HSD_ElH0JEr7gKDNC3cNQ&utm_campaign=yelp_api_v3&utm_medium=api_v3_business_search&utm_source=7HSD_ElH0JEr7gKDNC3cNQ;35;5.0;{'alias': 'wedding_planning', 'title': 'Wedding Planning'};Orange;CA;92867

bz8an9pvaTZ5HZ8g0kiqWQ;Highway 39 Event Center;False;https://www.yelp.com/biz/highway-39-event-center-anaheim?adjust_creative=7HSD_ElH0JEr7gKDNC3cNQ&utm_campaign=yelp_api_v3&utm_medium=api_v3_business_search&utm_source=7HSD_ElH0JEr7gKDNC3cNQ;33;4.5;{'alias': 'venues', 'title': 'Venues & Event Spaces'};Anaheim;CA;92806

16R4QL-JMjdNtkCG3h45jw;The Copper Door;False;https://www.yelp.com/biz/the-copper-door-santa-ana?adjust_creative=7HSD_ElH0JEr7gKDNC3cNQ&utm_campaign=yelp_api_v3&utm_medium=api_v3_business_search&utm_source=7HSD_ElH0JEr7gKDNC3cNQ;522;4.0;{'alias': 'danceclubs', 'title': 'Dance Clubs'};Santa Ana;CA;92701

sGbBXqzVWrfHA2F7uf2r_w;Mon Cheri;False;https://www.yelp.com/biz/mon-cheri-garden-grove?adjust_creative=7HSD_ElH0JEr7gKDNC3cNQ&utm_campaign=yelp_api_v3&utm_medium=api_v3_business_search&utm_source=7HSD_ElH0JEr7gKDNC3cNQ;114;4.0;{'alias': 'venues', 'title': 'Venues & Event Spaces'};Garden Grove;CA;92840

UXtqNA2JJ8tHk_FRGYB76Q;The French Estate;False;https://www.yelp.com/biz/the-french-estate-orange?adjust_creative=7HSD_ElH0JEr7gKDNC3cNQ&utm_campaign=yelp_api_v3&utm_medium=api_v3_business_search&utm_source=7HSD_ElH0JEr7gKDNC3cNQ;105;4.5;{'alias': 'bedbreakfast', 'title': 'Bed & Breakfast'};Orange;CA;92868

A96U9k0Kkm2C1WxX-nPXLg;Orange County Mining Co;False;https://www.yelp.com/biz/orange-county-mining-co-orange-2?adjust_creative=7HSD_ElH0JEr7gKDNC3cNQ&utm_campaign=yelp_api_v3&utm_medium=api_v3_business_search&utm_source=7HSD_ElH0JEr7gKDNC3cNQ;1404;3.5;{'alias': 'steak', 'title': 'Steakhouses'};Orange;CA;92705

z6UGgqFs6EbLenL7hWcaqA;Big Air Trampoline Park;False;https://www.yelp.com/biz/big-air-trampoline-park-buena-park?adjust_creative=7HSD_ElH0JEr7gKDNC3cNQ&utm_campaign=yelp_api_v3&utm_medium=api_v3_business_search&utm_source=7HSD_ElH0JEr7gKDNC3cNQ;447;3.5;{'alias': 'trampoline', 'title': 'Trampoline Parks'};Buena Park;CA;90620

2GhZyGizBY8k5mBUfxUd8w;Spring Tea Garden;False;https://www.yelp.com/biz/spring-tea-garden-fullerton?adjust_creative=7HSD_ElH0JEr7gKDNC3cNQ&utm_campaign=yelp_api_v3&utm_medium=api_v3_business_search&utm_source=7HSD_ElH0JEr7gKDNC3cNQ;162;4.0;{'alias': 'tea', 'title': 'Tea Rooms'};Fullerton;CA;92832

OzOnkfqJw_cZnAgZn5ndpg;Spring Field Banquet & Conference Center;False;https://www.yelp.com/biz/spring-field-banquet-and-conference-center-fullerton?adjust_creative=7HSD_ElH0JEr7gKDNC3cNQ&utm_campaign=yelp_api_v3&utm_medium=api_v3_business_search&utm_source=7HSD_ElH0JEr7gKDNC3cNQ;102;4.0;{'alias': 'venues', 'title': 'Venues & Event Spaces'};Fullerton;CA;92832

FOdzx8_5BZo8qcMjow6c4A;Blizzcon;False;https://www.yelp.com/biz/blizzcon-anaheim?adjust_creative=7HSD_ElH0JEr7gKDNC3cNQ&utm_campaign=yelp_api_v3&utm_medium=api_v3_business_search&utm_source=7HSD_ElH0JEr7gKDNC3cNQ;34;4.0;{'alias': 'venues', 'title': 'Venues & Event Spaces'};Anaheim;CA;92802

9S239nGZ0uSRwAJet8Bb8Q;Brea Improv;False;https://www.yelp.com/biz/brea-improv-brea-2?adjust_creative=7HSD_ElH0JEr7gKDNC3cNQ&utm_campaign=yelp_api_v3&utm_medium=api_v3_business_search&utm_source=7HSD_ElH0JEr7gKDNC3cNQ;956;3.5;{'alias': 'comedyclubs', 'title': 'Comedy Clubs'};Brea;CA;92821

8W8ZoJ2hJXd3b5Dlc2yZHA;Olive Pit Mediterranean Grill - Downtown Brea;False;https://www.yelp.com/biz/olive-pit-mediterranean-grill-downtown-brea-brea?adjust_creative=7HSD_ElH0JEr7gKDNC3cNQ&utm_campaign=yelp_api_v3&utm_medium=api_v3_business_search&utm_source=7HSD_ElH0JEr7gKDNC3cNQ;402;4.0;{'alias': 'greek', 'title': 'Greek'};Brea;CA;92821

dOJWvlRp4rDMtu14Hkyn4A;Coyote Hills Golf Course;False;https://www.yelp.com/biz/coyote-hills-golf-course-fullerton?adjust_creative=7HSD_ElH0JEr7gKDNC3cNQ&utm_campaign=yelp_api_v3&utm_medium=api_v3_business_search&utm_source=7HSD_ElH0JEr7gKDNC3cNQ;257;4.0;{'alias': 'golf', 'title': 'Golf'};Fullerton;CA;92835

bJ9WGINzzbZWIDcnetgSVQ;Residence Inn Anaheim Resort Area/Garden Grove;False;https://www.yelp.com/biz/residence-inn-anaheim-resort-area-garden-grove-garden-grove?adjust_creative=7HSD_ElH0JEr7gKDNC3cNQ&utm_campaign=yelp_api_v3&utm_medium=api_v3_business_search&utm_source=7HSD_ElH0JEr7gKDNC3cNQ;225;3.5;{'alias': 'hotels', 'title': 'Hotels'};Garden Grove;CA;92840

xYIExKZHTEZZzFwH8xktBA;Hotel Banquet;False;https://www.yelp.com/biz/hotel-banquet-garden-grove?adjust_creative=7HSD_ElH0JEr7gKDNC3cNQ&utm_campaign=yelp_api_v3&utm_medium=api_v3_business_search&utm_source=7HSD_ElH0JEr7gKDNC3cNQ;73;4.5;{'alias': 'venues', 'title': 'Venues & Event Spaces'};Garden Grove;CA;92844

ZLfeNIxy_LThnKjoXudWPw;M Lovewell;False;https://www.yelp.com/biz/m-lovewell-santa-ana?adjust_creative=7HSD_ElH0JEr7gKDNC3cNQ&utm_campaign=yelp_api_v3&utm_medium=api_v3_business_search&utm_source=7HSD_ElH0JEr7gKDNC3cNQ;52;5.0;{'alias': 'stationery', 'title': 'Cards & Stationery'};Santa Ana;CA;92701

S1vNxAOTThIAQs632L7t4g;Radisson Blu Anaheim;False;https://www.yelp.com/biz/radisson-blu-anaheim-anaheim?adjust_creative=7HSD_ElH0JEr7gKDNC3cNQ&utm_campaign=yelp_api_v3&utm_medium=api_v3_business_search&utm_source=7HSD_ElH0JEr7gKDNC3cNQ;63;3.5;{'alias': 'hotels', 'title': 'Hotels'};Anaheim;CA;92805

VbFGykQr866tx4Fy299Scg;Hilton Garden Inn Anaheim/Garden Grove;False;https://www.yelp.com/biz/hilton-garden-inn-anaheim-garden-grove-garden-grove-2?adjust_creative=7HSD_ElH0JEr7gKDNC3cNQ&utm_campaign=yelp_api_v3&utm_medium=api_v3_business_search&utm_source=7HSD_ElH0JEr7gKDNC3cNQ;184;3.5;{'alias': 'hotels', 'title': 'Hotels'};Garden Grove;CA;92840

pn-7Ch_k7xhQE4J74nUv3w;Fiesta Center;False;https://www.yelp.com/biz/fiesta-center-orange?adjust_creative=7HSD_ElH0JEr7gKDNC3cNQ&utm_campaign=yelp_api_v3&utm_medium=api_v3_business_search&utm_source=7HSD_ElH0JEr7gKDNC3cNQ;44;4.5;{'alias': 'venues', 'title': 'Venues & Event Spaces'};Orange;CA;92865

POqMmyn4W-aopMNnPP05EA;The Green Parrot Villa;False;https://www.yelp.com/biz/the-green-parrot-villa-santa-ana-3?adjust_creative=7HSD_ElH0JEr7gKDNC3cNQ&utm_campaign=yelp_api_v3&utm_medium=api_v3_business_search&utm_source=7HSD_ElH0JEr7gKDNC3cNQ;223;4.0;{'alias': 'mexican', 'title': 'Mexican'};Santa Ana;CA;92706

i1LBEuMzzuPMme9pyRSM-Q;Residence Inn by Marriott Anaheim Placentia/Fullerton;False;https://www.yelp.com/biz/residence-inn-by-marriott-anaheim-placentia-fullerton-placentia-2?adjust_creative=7HSD_ElH0JEr7gKDNC3cNQ&utm_campaign=yelp_api_v3&utm_medium=api_v3_business_search&utm_source=7HSD_ElH0JEr7gKDNC3cNQ;99;3.5;{'alias': 'hotels', 'title': 'Hotels'};Placentia;CA;92870

-e924taj0Jop6mHPOwfiyg;Brushstrokes;False;https://www.yelp.com/biz/brushstrokes-tustin?adjust_creative=7HSD_ElH0JEr7gKDNC3cNQ&utm_campaign=yelp_api_v3&utm_medium=api_v3_business_search&utm_source=7HSD_ElH0JEr7gKDNC3cNQ;65;5.0;{'alias': 'paintandsip', 'title': 'Paint & Sip'};Tustin;CA;92780

mpvFHRAgqT7yaV4nPhW_zQ;Ramada by Wyndham Anaheim Maingate North;False;https://www.yelp.com/biz/ramada-by-wyndham-anaheim-maingate-north-anaheim?adjust_creative=7HSD_ElH0JEr7gKDNC3cNQ&utm_campaign=yelp_api_v3&utm_medium=api_v3_business_search&utm_source=7HSD_ElH0JEr7gKDNC3cNQ;182;2.5;{'alias': 'hotels', 'title': 'Hotels'};Anaheim;CA;92805

raHgEk-f56UASQV22gv4eg;DoubleTree by Hilton Fullerton;False;https://www.yelp.com/biz/doubletree-by-hilton-fullerton-fullerton?adjust_creative=7HSD_ElH0JEr7gKDNC3cNQ&utm_campaign=yelp_api_v3&utm_medium=api_v3_business_search&utm_source=7HSD_ElH0JEr7gKDNC3cNQ;133;3.5;{'alias': 'hotels', 'title': 'Hotels'};Fullerton;CA;92831

lk-WmA7L50C65SirmJV-wg;Casa Bonita Event Center;False;https://www.yelp.com/biz/casa-bonita-event-center-fullerton?adjust_creative=7HSD_ElH0JEr7gKDNC3cNQ&utm_campaign=yelp_api_v3&utm_medium=api_v3_business_search&utm_source=7HSD_ElH0JEr7gKDNC3cNQ;62;4.0;{'alias': 'venues', 'title': 'Venues & Event Spaces'};Fullerton;CA;92832

6ZyM0DRQrnpy7XVEPf85Hw;Moreno's;False;https://www.yelp.com/biz/morenos-orange?adjust_creative=7HSD_ElH0JEr7gKDNC3cNQ&utm_campaign=yelp_api_v3&utm_medium=api_v3_business_search&utm_source=7HSD_ElH0JEr7gKDNC3cNQ;758;3.0;{'alias': 'mexican', 'title': 'Mexican'};Orange;CA;92869

sghUWCUCYoW46Ff2BHUlMg;Villa del Sol;False;https://www.yelp.com/biz/villa-del-sol-fullerton?adjust_creative=7HSD_ElH0JEr7gKDNC3cNQ&utm_campaign=yelp_api_v3&utm_medium=api_v3_business_search&utm_source=7HSD_ElH0JEr7gKDNC3cNQ;51;4.0;{'alias': 'venues', 'title': 'Venues & Event Spaces'};Fullerton;CA;92832

ujDET8btxrm_et3OdTfCSQ;VOKO Karaoke Lounge;False;https://www.yelp.com/biz/voko-karaoke-lounge-tustin?adjust_creative=7HSD_ElH0JEr7gKDNC3cNQ&utm_campaign=yelp_api_v3&utm_medium=api_v3_business_search&utm_source=7HSD_ElH0JEr7gKDNC3cNQ;124;4.5;{'alias': 'karaoke', 'title': 'Karaoke'};Tustin;CA;92780

LoqHootaVR8_nY53vDDdxA;Four Points by Sheraton Anaheim;False;https://www.yelp.com/biz/four-points-by-sheraton-anaheim-anaheim?adjust_creative=7HSD_ElH0JEr7gKDNC3cNQ&utm_campaign=yelp_api_v3&utm_medium=api_v3_business_search&utm_source=7HSD_ElH0JEr7gKDNC3cNQ;261;2.0;{'alias': 'hotels', 'title': 'Hotels'};Anaheim;CA;92805

yS-wfj-ic9-iAJeoYq-dtg;RuPaul's Drag Race: Battle of the Seasons;False;https://www.yelp.com/biz/rupauls-drag-race-battle-of-the-seasons-anaheim?adjust_creative=7HSD_ElH0JEr7gKDNC3cNQ&utm_campaign=yelp_api_v3&utm_medium=api_v3_business_search&utm_source=7HSD_ElH0JEr7gKDNC3cNQ;7;5.0;{'alias': 'venues', 'title': 'Venues & Event Spaces'};Anaheim;CA;92806

riHhUCXXHPIsN4X8F5cz7A;Black Gold Golf Club;False;https://www.yelp.com/biz/black-gold-golf-club-yorba-linda?adjust_creative=7HSD_ElH0JEr7gKDNC3cNQ&utm_campaign=yelp_api_v3&utm_medium=api_v3_business_search&utm_source=7HSD_ElH0JEr7gKDNC3cNQ;263;4.0;{'alias': 'golf', 'title': 'Golf'};Yorba Linda;CA;92886

5WNx-kSycTBC8fDi7Y9jbQ;Hotel Lulu, Bw Premier Collection;False;https://www.yelp.com/biz/hotel-lulu-bw-premier-collection-anaheim-3?adjust_creative=7HSD_ElH0JEr7gKDNC3cNQ&utm_campaign=yelp_api_v3&utm_medium=api_v3_business_search&utm_source=7HSD_ElH0JEr7gKDNC3cNQ;81;3.0;{'alias': 'hotels', 'title': 'Hotels'};Anaheim;CA;92802

umihAdaP9CpwJ7tqj1syDg;Run Disney Expo;False;https://www.yelp.com/biz/run-disney-expo-anaheim?adjust_creative=7HSD_ElH0JEr7gKDNC3cNQ&utm_campaign=yelp_api_v3&utm_medium=api_v3_business_search&utm_source=7HSD_ElH0JEr7gKDNC3cNQ;30;3.5;{'alias': 'venues', 'title': 'Venues & Event Spaces'};Anaheim;CA;92802

eOZxNTgdmJ2XcD3lVMYUJQ;Crystal Restaurant & Banquet;False;https://www.yelp.com/biz/crystal-restaurant-and-banquet-stanton?adjust_creative=7HSD_ElH0JEr7gKDNC3cNQ&utm_campaign=yelp_api_v3&utm_medium=api_v3_business_search&utm_source=7HSD_ElH0JEr7gKDNC3cNQ;60;4.5;{'alias': 'venues', 'title': 'Venues & Event Spaces'};Stanton;CA;90680

-UKPictLN8Q5z2As3PDg4g;Fullerton Marriott at California State University;False;https://www.yelp.com/biz/fullerton-marriott-at-california-state-university-fullerton?adjust_creative=7HSD_ElH0JEr7gKDNC3cNQ&utm_campaign=yelp_api_v3&utm_medium=api_v3_business_search&utm_source=7HSD_ElH0JEr7gKDNC3cNQ;194;3.0;{'alias': 'hotels', 'title': 'Hotels'};Fullerton;CA;92831

c1MdLIZxzHIQtm9VuJud5Q;D23 Expo;False;https://www.yelp.com/biz/d23-expo-anaheim-2?adjust_creative=7HSD_ElH0JEr7gKDNC3cNQ&utm_campaign=yelp_api_v3&utm_medium=api_v3_business_search&utm_source=7HSD_ElH0JEr7gKDNC3cNQ;68;2.5;{'alias': 'festivals', 'title': 'Festivals'};Anaheim;CA;92802

8P_jVte8v6MQ4rf5rpJ_pQ;Heritage Museum of Orange County;False;https://www.yelp.com/biz/heritage-museum-of-orange-county-santa-ana?adjust_creative=7HSD_ElH0JEr7gKDNC3cNQ&utm_campaign=yelp_api_v3&utm_medium=api_v3_business_search&utm_source=7HSD_ElH0JEr7gKDNC3cNQ;70;4.5;{'alias': 'museums', 'title': 'Museums'};Santa Ana;CA;92704

GWgUChI7_9nOB9v4BMr6dw;Play and Parties;False;https://www.yelp.com/biz/play-and-parties-orange?adjust_creative=7HSD_ElH0JEr7gKDNC3cNQ&utm_campaign=yelp_api_v3&utm_medium=api_v3_business_search&utm_source=7HSD_ElH0JEr7gKDNC3cNQ;16;5.0;{'alias': 'culturalcenter', 'title': 'Cultural Center'};Orange;CA;92865

zHHLlzwjb4bfMYXAt3rG-w;Century Huntington Beach and XD;False;https://www.yelp.com/biz/century-huntington-beach-and-xd-huntington-beach?adjust_creative=7HSD_ElH0JEr7gKDNC3cNQ&utm_campaign=yelp_api_v3&utm_medium=api_v3_business_search&utm_source=7HSD_ElH0JEr7gKDNC3cNQ;560;3.5;{'alias': 'movietheaters', 'title': 'Cinema'};Huntington Beach;CA;92647

bIGhNyYllQrqrlQE-qcrig;Wilcox Manor;False;https://www.yelp.com/biz/wilcox-manor-tustin?adjust_creative=7HSD_ElH0JEr7gKDNC3cNQ&utm_campaign=yelp_api_v3&utm_medium=api_v3_business_search&utm_source=7HSD_ElH0JEr7gKDNC3cNQ;36;5.0;{'alias': 'eventplanning', 'title': 'Party & Event Planning'};Tustin;CA;92780

0QQdb0tJbhysvgGN81Tf8g;The Villa by Villa Park Catering;False;https://www.yelp.com/biz/the-villa-by-villa-park-catering-orange?adjust_creative=7HSD_ElH0JEr7gKDNC3cNQ&utm_campaign=yelp_api_v3&utm_medium=api_v3_business_search&utm_source=7HSD_ElH0JEr7gKDNC3cNQ;54;4.0;{'alias': 'venues', 'title': 'Venues & Event Spaces'};Orange;CA;92867

e9jxp926SQIdoTKWcSojJQ;Diamond Seafood Palace;False;https://www.yelp.com/biz/diamond-seafood-palace-stanton?adjust_creative=7HSD_ElH0JEr7gKDNC3cNQ&utm_campaign=yelp_api_v3&utm_medium=api_v3_business_search&utm_source=7HSD_ElH0JEr7gKDNC3cNQ;90;4.0;{'alias': 'venues', 'title': 'Venues & Event Spaces'};Stanton;CA;90680

s10ayrzJCjSTvIX3QhAJig;Hangar 21;False;https://www.yelp.com/biz/hangar-21-fullerton-4?adjust_creative=7HSD_ElH0JEr7gKDNC3cNQ&utm_campaign=yelp_api_v3&utm_medium=api_v3_business_search&utm_source=7HSD_ElH0JEr7gKDNC3cNQ;32;4.5;{'alias': 'venues', 'title': 'Venues & Event Spaces'};Fullerton;CA;92833

_C14HtYV10y8iIJrDXffrA;The Grand Theater;False;https://www.yelp.com/biz/the-grand-theater-anaheim?adjust_creative=7HSD_ElH0JEr7gKDNC3cNQ&utm_campaign=yelp_api_v3&utm_medium=api_v3_business_search&utm_source=7HSD_ElH0JEr7gKDNC3cNQ;83;2.5;{'alias': 'venues', 'title': 'Venues & Event Spaces'};Anaheim;CA;92802

icEKMBDT3UYCX33USlBI5g;Holiday Inn Buena Park-Near Knott's;False;https://www.yelp.com/biz/holiday-inn-buena-park-near-knotts-buena-park-2?adjust_creative=7HSD_ElH0JEr7gKDNC3cNQ&utm_campaign=yelp_api_v3&utm_medium=api_v3_business_search&utm_source=7HSD_ElH0JEr7gKDNC3cNQ;194;3.5;{'alias': 'hotels', 'title': 'Hotels'};Buena Park;CA;90620

2Londdr0hV7Hu1nRmSK1yg;Growers Direct Flowers;False;https://www.yelp.com/biz/growers-direct-flowers-tustin-4?adjust_creative=7HSD_ElH0JEr7gKDNC3cNQ&utm_campaign=yelp_api_v3&utm_medium=api_v3_business_search&utm_source=7HSD_ElH0JEr7gKDNC3cNQ;179;4.0;{'alias': 'florists', 'title': 'Florists'};Tustin;CA;92780

FDytgW-ogupNdq6-DpUuTQ;La Petite Rose;False;https://www.yelp.com/biz/la-petite-rose-orange-2?adjust_creative=7HSD_ElH0JEr7gKDNC3cNQ&utm_campaign=yelp_api_v3&utm_medium=api_v3_business_search&utm_source=7HSD_ElH0JEr7gKDNC3cNQ;22;4.5;{'alias': 'venues', 'title': 'Venues & Event Spaces'};Orange;CA;92867

_UZpooWk5aD2qt7NYZa8fA;Los Coyotes Country Club;False;https://www.yelp.com/biz/los-coyotes-country-club-buena-park-2?adjust_creative=7HSD_ElH0JEr7gKDNC3cNQ&utm_campaign=yelp_api_v3&utm_medium=api_v3_business_search&utm_source=7HSD_ElH0JEr7gKDNC3cNQ;89;4.0;{'alias': 'golf', 'title': 'Golf'};Buena Park;CA;90621

usHzVwNhli7wsm3bmGQ1sA;Yost Theater;False;https://www.yelp.com/biz/yost-theater-santa-ana?adjust_creative=7HSD_ElH0JEr7gKDNC3cNQ&utm_campaign=yelp_api_v3&utm_medium=api_v3_business_search&utm_source=7HSD_ElH0JEr7gKDNC3cNQ;441;3.0;{'alias': 'musicvenues', 'title': 'Music Venues'};Santa Ana;CA;92701

Ud91WmKWs1BtjbyBcdniGw;Samara Restaurant & Special Events Center;False;https://www.yelp.com/biz/samara-restaurant-and-special-events-center-anaheim?adjust_creative=7HSD_ElH0JEr7gKDNC3cNQ&utm_campaign=yelp_api_v3&utm_medium=api_v3_business_search&utm_source=7HSD_ElH0JEr7gKDNC3cNQ;22;3.5;{'alias': 'venues', 'title': 'Venues & Event Spaces'};Anaheim;CA;92806

C0w6Xq3yPEo1ImtSkaE1Jg;SOL Banquets;False;https://www.yelp.com/biz/sol-banquets-anaheim?adjust_creative=7HSD_ElH0JEr7gKDNC3cNQ&utm_campaign=yelp_api_v3&utm_medium=api_v3_business_search&utm_source=7HSD_ElH0JEr7gKDNC3cNQ;6;5.0;{'alias': 'venues', 'title': 'Venues & Event Spaces'};Anaheim;CA;92807

8iPqw06l6YRIwEctWWBjBw;Courtyard by Marriott Anaheim Buena Park;False;https://www.yelp.com/biz/courtyard-by-marriott-anaheim-buena-park-buena-park-2?adjust_creative=7HSD_ElH0JEr7gKDNC3cNQ&utm_campaign=yelp_api_v3&utm_medium=api_v3_business_search&utm_source=7HSD_ElH0JEr7gKDNC3cNQ;182;3.5;{'alias': 'hotels', 'title': 'Hotels'};Buena Park;CA;90620

kMladSSW-gubGgHMloAnvA;The Garden Room;False;https://www.yelp.com/biz/the-garden-room-garden-grove?adjust_creative=7HSD_ElH0JEr7gKDNC3cNQ&utm_campaign=yelp_api_v3&utm_medium=api_v3_business_search&utm_source=7HSD_ElH0JEr7gKDNC3cNQ;112;4.0;{'alias': 'venues', 'title': 'Venues & Event Spaces'};Garden Grove;CA;92841

bvyEcLKpzBvgmMB56DO0bQ;The Retreat by Wedgewood Weddings;False;https://www.yelp.com/biz/the-retreat-by-wedgewood-weddings-corona?adjust_creative=7HSD_ElH0JEr7gKDNC3cNQ&utm_campaign=yelp_api_v3&utm_medium=api_v3_business_search&utm_source=7HSD_ElH0JEr7gKDNC3cNQ;165;4.5;{'alias': 'venues', 'title': 'Venues & Event Spaces'};Corona;CA;92883

GNUVJUMe9Ee0DkJ3tFks1A;All The Above Events;False;https://www.yelp.com/biz/all-the-above-events-los-angeles-2?adjust_creative=7HSD_ElH0JEr7gKDNC3cNQ&utm_campaign=yelp_api_v3&utm_medium=api_v3_business_search&utm_source=7HSD_ElH0JEr7gKDNC3cNQ;224;5.0;{'alias': 'djs', 'title': 'DJs'};Los Angeles;CA;90034

QzsiC8fglS6TOCkmVSSCXw;University Club by Wedgewood Weddings;False;https://www.yelp.com/biz/university-club-by-wedgewood-weddings-irvine?adjust_creative=7HSD_ElH0JEr7gKDNC3cNQ&utm_campaign=yelp_api_v3&utm_medium=api_v3_business_search&utm_source=7HSD_ElH0JEr7gKDNC3cNQ;133;4.5;{'alias': 'venues', 'title': 'Venues & Event Spaces'};Irvine;CA;92617

S9xvDRIXYZLOhNymggYJ1g;Summit House Weddings;False;https://www.yelp.com/biz/summit-house-weddings-fullerton?adjust_creative=7HSD_ElH0JEr7gKDNC3cNQ&utm_campaign=yelp_api_v3&utm_medium=api_v3_business_search&utm_source=7HSD_ElH0JEr7gKDNC3cNQ;24;4.5;{'alias': 'venues', 'title': 'Venues & Event Spaces'};Fullerton;CA;92835

d9J60T4h-NT049dEH5a94g;Candlewood Suites Garden Grove/Anaheim Area;False;https://www.yelp.com/biz/candlewood-suites-garden-grove-anaheim-area-garden-grove?adjust_creative=7HSD_ElH0JEr7gKDNC3cNQ&utm_campaign=yelp_api_v3&utm_medium=api_v3_business_search&utm_source=7HSD_ElH0JEr7gKDNC3cNQ;98;3.0;{'alias': 'hotels', 'title': 'Hotels'};Garden Grove;CA;92843

v8oIQT0RlcklitC1fBs4Yg;The Place Banquet Hall;False;https://www.yelp.com/biz/the-place-banquet-hall-anaheim-2?adjust_creative=7HSD_ElH0JEr7gKDNC3cNQ&utm_campaign=yelp_api_v3&utm_medium=api_v3_business_search&utm_source=7HSD_ElH0JEr7gKDNC3cNQ;20;3.5;{'alias': 'eventplanning', 'title': 'Party & Event Planning'};Anaheim;CA;92805

TPL3qUy_cdlsgmAaw6-P9w;Garden Amphitheatre;False;https://www.yelp.com/biz/garden-amphitheatre-garden-grove?adjust_creative=7HSD_ElH0JEr7gKDNC3cNQ&utm_campaign=yelp_api_v3&utm_medium=api_v3_business_search&utm_source=7HSD_ElH0JEr7gKDNC3cNQ;38;4.0;{'alias': 'musicvenues', 'title': 'Music Venues'};Garden Grove;CA;92840

04qLz6XPPWwn8u12xG3GJQ;Grand Catered Events;False;https://www.yelp.com/biz/grand-catered-events-orange-3?adjust_creative=7HSD_ElH0JEr7gKDNC3cNQ&utm_campaign=yelp_api_v3&utm_medium=api_v3_business_search&utm_source=7HSD_ElH0JEr7gKDNC3cNQ;10;5.0;{'alias': 'venues', 'title': 'Venues & Event Spaces'};Orange;CA;92868

MY_Ri4xS1Edzn3TVQjTC2g;The Villa;False;https://www.yelp.com/biz/the-villa-westminster?adjust_creative=7HSD_ElH0JEr7gKDNC3cNQ&utm_campaign=yelp_api_v3&utm_medium=api_v3_business_search&utm_source=7HSD_ElH0JEr7gKDNC3cNQ;105;3.5;{'alias': 'venues', 'title': 'Venues & Event Spaces'};Westminster;CA;92683

zDsZUYD7F4xhxGt5WqFGCg;Center Weddings & Events;False;https://www.yelp.com/biz/center-weddings-and-events-yorba-linda-2?adjust_creative=7HSD_ElH0JEr7gKDNC3cNQ&utm_campaign=yelp_api_v3&utm_medium=api_v3_business_search&utm_source=7HSD_ElH0JEr7gKDNC3cNQ;13;5.0;{'alias': 'venues', 'title': 'Venues & Event Spaces'};Yorba Linda;CA;92886

pmpCPJlRWaD18fUTKYHx4g;Sierra La Verne by Wedgewood Weddings;False;https://www.yelp.com/biz/sierra-la-verne-by-wedgewood-weddings-la-verne?adjust_creative=7HSD_ElH0JEr7gKDNC3cNQ&utm_campaign=yelp_api_v3&utm_medium=api_v3_business_search&utm_source=7HSD_ElH0JEr7gKDNC3cNQ;92;4.5;{'alias': 'venues', 'title': 'Venues & Event Spaces'};La Verne;CA;91750

Qlkfj9uDZQdQGeDllPknUQ;Brookhurst Community Center;False;https://www.yelp.com/biz/brookhurst-community-center-anaheim?adjust_creative=7HSD_ElH0JEr7gKDNC3cNQ&utm_campaign=yelp_api_v3&utm_medium=api_v3_business_search&utm_source=7HSD_ElH0JEr7gKDNC3cNQ;9;4.0;{'alias': 'venues', 'title': 'Venues & Event Spaces'};Anaheim;CA;92801

2W4Y5EsSHFY_J8yfg3_YmA;Buena Park Grand Hotel & Suites;False;https://www.yelp.com/biz/buena-park-grand-hotel-and-suites-buena-park?adjust_creative=7HSD_ElH0JEr7gKDNC3cNQ&utm_campaign=yelp_api_v3&utm_medium=api_v3_business_search&utm_source=7HSD_ElH0JEr7gKDNC3cNQ;608;2.0;{'alias': 'hotels', 'title': 'Hotels'};Buena Park;CA;90620

7-YL8DQlnFuS7XzytkBSTQ;Delta Hotels by Marriott Anaheim Garden Grove;False;https://www.yelp.com/biz/delta-hotels-by-marriott-anaheim-garden-grove-garden-grove-2?adjust_creative=7HSD_ElH0JEr7gKDNC3cNQ&utm_campaign=yelp_api_v3&utm_medium=api_v3_business_search&utm_source=7HSD_ElH0JEr7gKDNC3cNQ;135;2.5;{'alias': 'hotels', 'title': 'Hotels'};Garden Grove;CA;92840

T7FtArg3nH44gczB6MiwfA;Luna Royal;False;https://www.yelp.com/biz/luna-royal-anaheim?adjust_creative=7HSD_ElH0JEr7gKDNC3cNQ&utm_campaign=yelp_api_v3&utm_medium=api_v3_business_search&utm_source=7HSD_ElH0JEr7gKDNC3cNQ;4;5.0;{'alias': 'venues', 'title': 'Venues & Event Spaces'};Anaheim;CA;92801

bo2eGmT2sD0Q2gMNxTYDPg;The Local Wine And Craft Beer Lounge;False;https://www.yelp.com/biz/the-local-wine-and-craft-beer-lounge-la-mirada?adjust_creative=7HSD_ElH0JEr7gKDNC3cNQ&utm_campaign=yelp_api_v3&utm_medium=api_v3_business_search&utm_source=7HSD_ElH0JEr7gKDNC3cNQ;30;4.5;{'alias': 'wine_bars', 'title': 'Wine Bars'};La Mirada;CA;90638

pnpsh235FFueyOodooga0Q;Fletcher Courtyards Venue;False;https://www.yelp.com/biz/fletcher-courtyards-venue-orange-2?adjust_creative=7HSD_ElH0JEr7gKDNC3cNQ&utm_campaign=yelp_api_v3&utm_medium=api_v3_business_search&utm_source=7HSD_ElH0JEr7gKDNC3cNQ;7;5.0;{'alias': 'venues', 'title': 'Venues & Event Spaces'};Orange;CA;92865

BTcuIOvKunACzI0IQfP34g;Diamond Seafood Palace 3;False;https://www.yelp.com/biz/diamond-seafood-palace-3-westminster-3?adjust_creative=7HSD_ElH0JEr7gKDNC3cNQ&utm_campaign=yelp_api_v3&utm_medium=api_v3_business_search&utm_source=7HSD_ElH0JEr7gKDNC3cNQ;57;4.0;{'alias': 'chinese', 'title': 'Chinese'};Westminster;CA;92683

KiT4MYp9PDJxjnJwaqnQdw;American Legion Post 277;False;https://www.yelp.com/biz/american-legion-post-277-placentia?adjust_creative=7HSD_ElH0JEr7gKDNC3cNQ&utm_campaign=yelp_api_v3&utm_medium=api_v3_business_search&utm_source=7HSD_ElH0JEr7gKDNC3cNQ;7;5.0;{'alias': 'venues', 'title': 'Venues & Event Spaces'};Placentia;CA;92870

j--oeoE4lXqQnaswzdYpIw;The Kraemer Building;False;https://www.yelp.com/biz/the-kraemer-building-anaheim?adjust_creative=7HSD_ElH0JEr7gKDNC3cNQ&utm_campaign=yelp_api_v3&utm_medium=api_v3_business_search&utm_source=7HSD_ElH0JEr7gKDNC3cNQ;3;5.0;{'alias': 'vacation_rentals', 'title': 'Vacation Rentals'};Anaheim;CA;92805

oEeLDYRDWMsF3F-C7DOxQg;Hotel Marguerite By Wyndam;False;https://www.yelp.com/biz/hotel-marguerite-by-wyndam-garden-grove?adjust_creative=7HSD_ElH0JEr7gKDNC3cNQ&utm_campaign=yelp_api_v3&utm_medium=api_v3_business_search&utm_source=7HSD_ElH0JEr7gKDNC3cNQ;82;2.5;{'alias': 'hotels', 'title': 'Hotels'};Garden Grove;CA;92843

vHnY9oxhx3Hwf0UOkhV1Ng;San Clemente Shore by Wedgewood Weddings;False;https://www.yelp.com/biz/san-clemente-shore-by-wedgewood-weddings-san-clemente?adjust_creative=7HSD_ElH0JEr7gKDNC3cNQ&utm_campaign=yelp_api_v3&utm_medium=api_v3_business_search&utm_source=7HSD_ElH0JEr7gKDNC3cNQ;178;4.5;{'alias': 'venues', 'title': 'Venues & Event Spaces'};San Clemente;CA;92672

17ckWMxg9uR4mQN-GmZnbA;Fairfield Inn by Marriott Anaheim Hills Orange County;False;https://www.yelp.com/biz/fairfield-inn-by-marriott-anaheim-hills-orange-county-anaheim-hills?adjust_creative=7HSD_ElH0JEr7gKDNC3cNQ&utm_campaign=yelp_api_v3&utm_medium=api_v3_business_search&utm_source=7HSD_ElH0JEr7gKDNC3cNQ;144;3.0;{'alias': 'hotels', 'title': 'Hotels'};Anaheim Hills;CA;92807

b8XJ4zv9dYzfxtDy6Fk88g;PLAYlive Nation;False;https://www.yelp.com/biz/playlive-nation-brea?adjust_creative=7HSD_ElH0JEr7gKDNC3cNQ&utm_campaign=yelp_api_v3&utm_medium=api_v3_business_search&utm_source=7HSD_ElH0JEr7gKDNC3cNQ;27;4.0;{'alias': 'arcades', 'title': 'Arcades'};Brea;CA;92821

VMpuqItKfHq8a56OLJBofA;The Estate on Second;False;https://www.yelp.com/biz/the-estate-on-second-santa-ana?adjust_creative=7HSD_ElH0JEr7gKDNC3cNQ&utm_campaign=yelp_api_v3&utm_medium=api_v3_business_search&utm_source=7HSD_ElH0JEr7gKDNC3cNQ;14;4.5;{'alias': 'venues', 'title': 'Venues & Event Spaces'};Santa Ana;CA;92701

WZW9RxBdKbcVIA3I4BGMrQ;Bowlero Fullerton;False;https://www.yelp.com/biz/bowlero-fullerton-fullerton?adjust_creative=7HSD_ElH0JEr7gKDNC3cNQ&utm_campaign=yelp_api_v3&utm_medium=api_v3_business_search&utm_source=7HSD_ElH0JEr7gKDNC3cNQ;25;3.0;{'alias': 'venues', 'title': 'Venues & Event Spaces'};Fullerton;CA;92832

RhZrbN3nn-S97MEwd9xOAA;The Rose Gardens;False;https://www.yelp.com/biz/the-rose-gardens-whittier?adjust_creative=7HSD_ElH0JEr7gKDNC3cNQ&utm_campaign=yelp_api_v3&utm_medium=api_v3_business_search&utm_source=7HSD_ElH0JEr7gKDNC3cNQ;27;4.5;{'alias': 'venues', 'title': 'Venues & Event Spaces'};Whittier;CA;90603

NWIwKrKN6q9nUyP_fMhQIQ;Stumpy's Hatchet House;False;https://www.yelp.com/biz/stumpys-hatchet-house-huntington-beach-3?adjust_creative=7HSD_ElH0JEr7gKDNC3cNQ&utm_campaign=yelp_api_v3&utm_medium=api_v3_business_search&utm_source=7HSD_ElH0JEr7gKDNC3cNQ;28;4.5;{'alias': 'axethrowing', 'title': 'Axe Throwing'};Huntington Beach;CA;92647

VQFENFpPz1SCJzzH9A_1lg;Elks Lodge of Garden Grove;False;https://www.yelp.com/biz/elks-lodge-of-garden-grove-garden-grove?adjust_creative=7HSD_ElH0JEr7gKDNC3cNQ&utm_campaign=yelp_api_v3&utm_medium=api_v3_business_search&utm_source=7HSD_ElH0JEr7gKDNC3cNQ;23;4.0;{'alias': 'venues', 'title': 'Venues & Event Spaces'};Garden Grove;CA;92843

XgYwgrA9x4lRzm1YxxT3vQ;Westridge Golf Club CA;False;https://www.yelp.com/biz/westridge-golf-club-ca-la-habra?adjust_creative=7HSD_ElH0JEr7gKDNC3cNQ&utm_campaign=yelp_api_v3&utm_medium=api_v3_business_search&utm_source=7HSD_ElH0JEr7gKDNC3cNQ;214;2.5;{'alias': 'golf', 'title': 'Golf'};La Habra;CA;90631

Hs6Z9wCHU8lhpnOYBz-LRw;La Mirada Golf Course;False;https://www.yelp.com/biz/la-mirada-golf-course-la-mirada?adjust_creative=7HSD_ElH0JEr7gKDNC3cNQ&utm_campaign=yelp_api_v3&utm_medium=api_v3_business_search&utm_source=7HSD_ElH0JEr7gKDNC3cNQ;138;3.0;{'alias': 'golf', 'title': 'Golf'};La Mirada;CA;90638

FjNFo3bCRq6EF9VV3FM1Jg;RSVP Event Space;False;https://www.yelp.com/biz/rsvp-event-space-fullerton?adjust_creative=7HSD_ElH0JEr7gKDNC3cNQ&utm_campaign=yelp_api_v3&utm_medium=api_v3_business_search&utm_source=7HSD_ElH0JEr7gKDNC3cNQ;7;4.5;{'alias': 'venues', 'title': 'Venues & Event Spaces'};Fullerton;CA;92832

Tc5kyS87Oc_-LWvmihMZdg;Delhi Center;False;https://www.yelp.com/biz/delhi-center-santa-ana?adjust_creative=7HSD_ElH0JEr7gKDNC3cNQ&utm_campaign=yelp_api_v3&utm_medium=api_v3_business_search&utm_source=7HSD_ElH0JEr7gKDNC3cNQ;18;4.5;{'alias': 'venues', 'title': 'Venues & Event Spaces'};Santa Ana;CA;92707

jiauOt1v276Og71rFNz9XA;Ebell Club of Anaheim;False;https://www.yelp.com/biz/ebell-club-of-anaheim-anaheim?adjust_creative=7HSD_ElH0JEr7gKDNC3cNQ&utm_campaign=yelp_api_v3&utm_medium=api_v3_business_search&utm_source=7HSD_ElH0JEr7gKDNC3cNQ;7;3.5;{'alias': 'venues', 'title': 'Venues & Event Spaces'};Anaheim;CA;92805

xTnX9_OqywmFeZ-gLx_qfQ;Orange Elks Lodge;False;https://www.yelp.com/biz/orange-elks-lodge-orange?adjust_creative=7HSD_ElH0JEr7gKDNC3cNQ&utm_campaign=yelp_api_v3&utm_medium=api_v3_business_search&utm_source=7HSD_ElH0JEr7gKDNC3cNQ;12;4.0;{'alias': 'religiousorgs', 'title': 'Religious Organizations'};Orange;CA;92866

XANaZ0aqsXzK3_qs0BfO3g;Hotel Huntington Beach;False;https://www.yelp.com/biz/hotel-huntington-beach-huntington-beach?adjust_creative=7HSD_ElH0JEr7gKDNC3cNQ&utm_campaign=yelp_api_v3&utm_medium=api_v3_business_search&utm_source=7HSD_ElH0JEr7gKDNC3cNQ;412;2.0;{'alias': 'hotels', 'title': 'Hotels'};Huntington Beach;CA;92647

l0dY1reM_hynTCUIS3XTDw;Grand Tradition Estate & Gardens;False;https://www.yelp.com/biz/grand-tradition-estate-and-gardens-fallbrook?adjust_creative=7HSD_ElH0JEr7gKDNC3cNQ&utm_campaign=yelp_api_v3&utm_medium=api_v3_business_search&utm_source=7HSD_ElH0JEr7gKDNC3cNQ;260;4.5;{'alias': 'venues', 'title': 'Venues & Event Spaces'};Fallbrook;CA;92028

nXXFY7s88e-GHgmyg0Aqtw;Yorba Linda Country Club;False;https://www.yelp.com/biz/yorba-linda-country-club-yorba-linda?adjust_creative=7HSD_ElH0JEr7gKDNC3cNQ&utm_campaign=yelp_api_v3&utm_medium=api_v3_business_search&utm_source=7HSD_ElH0JEr7gKDNC3cNQ;24;4.0;{'alias': 'golf', 'title': 'Golf'};Yorba Linda;CA;92886

0vG_8h7D0_F-64zhaVDP-A;Chuck E. Cheese;False;https://www.yelp.com/biz/chuck-e-cheese-la-mirada?adjust_creative=7HSD_ElH0JEr7gKDNC3cNQ&utm_campaign=yelp_api_v3&utm_medium=api_v3_business_search&utm_source=7HSD_ElH0JEr7gKDNC3cNQ;165;2.5;{'alias': 'pizza', 'title': 'Pizza'};La Mirada;CA;90638

PblEfpFQvDQsZvysShjxYA;Bar Rouge Lounge & Bistro;False;https://www.yelp.com/biz/bar-rouge-lounge-and-bistro-huntington-beach?adjust_creative=7HSD_ElH0JEr7gKDNC3cNQ&utm_campaign=yelp_api_v3&utm_medium=api_v3_business_search&utm_source=7HSD_ElH0JEr7gKDNC3cNQ;51;3.5;{'alias': 'lounges', 'title': 'Lounges'};Huntington Beach;CA;92647

aZUgSzCp2SVhLyo8uMTYYw;Fiesta Center Bridal;False;https://www.yelp.com/biz/fiesta-center-bridal-orange?adjust_creative=7HSD_ElH0JEr7gKDNC3cNQ&utm_campaign=yelp_api_v3&utm_medium=api_v3_business_search&utm_source=7HSD_ElH0JEr7gKDNC3cNQ;4;5.0;{'alias': 'bridal', 'title': 'Bridal'};Orange;CA;92865

NJyWGO_heAsBns4GTfYLmA;Holiday Inn Express & Suites Santa Ana - Orange County;False;https://www.yelp.com/biz/holiday-inn-express-and-suites-santa-ana-orange-county-santa-ana-2?adjust_creative=7HSD_ElH0JEr7gKDNC3cNQ&utm_campaign=yelp_api_v3&utm_medium=api_v3_business_search&utm_source=7HSD_ElH0JEr7gKDNC3cNQ;54;3.0;{'alias': 'hotels', 'title': 'Hotels'};Santa Ana;CA;92701

3hANy0D6qAB99wPRz0P96w;Church of Reflections;False;https://www.yelp.com/biz/church-of-reflections-buena-park?adjust_creative=7HSD_ElH0JEr7gKDNC3cNQ&utm_campaign=yelp_api_v3&utm_medium=api_v3_business_search&utm_source=7HSD_ElH0JEr7gKDNC3cNQ;8;4.5;{'alias': 'venues', 'title': 'Venues & Event Spaces'};Buena Park;CA;90620

6eXq5A-kSmf1N6i8SEQhHw;Mercantile Market;False;https://www.yelp.com/biz/mercantile-market-fullerton-2?adjust_creative=7HSD_ElH0JEr7gKDNC3cNQ&utm_campaign=yelp_api_v3&utm_medium=api_v3_business_search&utm_source=7HSD_ElH0JEr7gKDNC3cNQ;7;4.0;{'alias': 'venues', 'title': 'Venues & Event Spaces'};Fullerton;CA;92832

jXRA6aCdptK1NN0CEX_pBQ;Brookhurst Plaza Inn;False;https://www.yelp.com/biz/brookhurst-plaza-inn-anaheim?adjust_creative=7HSD_ElH0JEr7gKDNC3cNQ&utm_campaign=yelp_api_v3&utm_medium=api_v3_business_search&utm_source=7HSD_ElH0JEr7gKDNC3cNQ;12;2.5;{'alias': 'hotels', 'title': 'Hotels'};Anaheim;CA;92804

kKnW2yg8nH1fSvLFjEpB7A;Diamond Seafood Palace - Garden Grove;False;https://www.yelp.com/biz/diamond-seafood-palace-garden-grove-garden-grove?adjust_creative=7HSD_ElH0JEr7gKDNC3cNQ&utm_campaign=yelp_api_v3&utm_medium=api_v3_business_search&utm_source=7HSD_ElH0JEr7gKDNC3cNQ;15;3.5;{'alias': 'seafood', 'title': 'Seafood'};Garden Grove;CA;92841

W2Z5SxffU8jZoY276IaFyQ;Majesty Restaurant;False;https://www.yelp.com/biz/majesty-restaurant-santa-ana-5?adjust_creative=7HSD_ElH0JEr7gKDNC3cNQ&utm_campaign=yelp_api_v3&utm_medium=api_v3_business_search&utm_source=7HSD_ElH0JEr7gKDNC3cNQ;9;4.5;{'alias': 'venues', 'title': 'Venues & Event Spaces'};Santa Ana;CA;92704

7AlvvVdR22Lj8uTBfb_4eg;ShapeShift Photo Studio Rental;False;https://www.yelp.com/biz/shapeshift-photo-studio-rental-santa-ana-2?adjust_creative=7HSD_ElH0JEr7gKDNC3cNQ&utm_campaign=yelp_api_v3&utm_medium=api_v3_business_search&utm_source=7HSD_ElH0JEr7gKDNC3cNQ;6;5.0;{'alias': 'venues', 'title': 'Venues & Event Spaces'};Santa Ana;CA;92705

zkV1C3MJk8U42rh7XVRLmw;Hall 469;False;https://www.yelp.com/biz/hall-469-yorba-linda-3?adjust_creative=7HSD_ElH0JEr7gKDNC3cNQ&utm_campaign=yelp_api_v3&utm_medium=api_v3_business_search&utm_source=7HSD_ElH0JEr7gKDNC3cNQ;8;4.5;{'alias': 'venues', 'title': 'Venues & Event Spaces'};Yorba Linda;CA;92886

zoh7hWlgM2he_TP9B9_ciA;American Legion;False;https://www.yelp.com/biz/american-legion-buena-park?adjust_creative=7HSD_ElH0JEr7gKDNC3cNQ&utm_campaign=yelp_api_v3&utm_medium=api_v3_business_search&utm_source=7HSD_ElH0JEr7gKDNC3cNQ;6;4.5;{'alias': 'venues', 'title': 'Venues & Event Spaces'};Buena Park;CA;90621

jO1Lwbkjb3MNotVP32H4mg;Serendipity Garden Weddings;False;https://www.yelp.com/biz/serendipity-garden-weddings-yucaipa-2?adjust_creative=7HSD_ElH0JEr7gKDNC3cNQ&utm_campaign=yelp_api_v3&utm_medium=api_v3_business_search&utm_source=7HSD_ElH0JEr7gKDNC3cNQ;167;4.5;{'alias': 'wedding_planning', 'title': 'Wedding Planning'};Yucaipa;CA;92399

Qf_fDurmoYxE6reVLVjwJQ;Christopher Club of Buena Park;False;https://www.yelp.com/biz/christopher-club-of-buena-park-buena-park-2?adjust_creative=7HSD_ElH0JEr7gKDNC3cNQ&utm_campaign=yelp_api_v3&utm_medium=api_v3_business_search&utm_source=7HSD_ElH0JEr7gKDNC3cNQ;4;5.0;{'alias': 'venues', 'title': 'Venues & Event Spaces'};Buena Park;CA;90621

NjfqEdK0qEIRfTbVxy1uCA;Venetian Banquet Center;False;https://www.yelp.com/biz/venetian-banquet-center-fullerton?adjust_creative=7HSD_ElH0JEr7gKDNC3cNQ&utm_campaign=yelp_api_v3&utm_medium=api_v3_business_search&utm_source=7HSD_ElH0JEr7gKDNC3cNQ;5;4.5;{'alias': 'venues', 'title': 'Venues & Event Spaces'};Fullerton;CA;92833

pL2ECp0rouj3MK_pjKjbdw;The QD Venue;False;https://www.yelp.com/biz/the-qd-venue-westminster-2?adjust_creative=7HSD_ElH0JEr7gKDNC3cNQ&utm_campaign=yelp_api_v3&utm_medium=api_v3_business_search&utm_source=7HSD_ElH0JEr7gKDNC3cNQ;14;4.0;{'alias': 'venues', 'title': 'Venues & Event Spaces'};Westminster;CA;92683

IKud92JhzaRqQ0LwYEfYrg;The Woman's Club Event Center;False;https://www.yelp.com/biz/the-womans-club-event-center-orange?adjust_creative=7HSD_ElH0JEr7gKDNC3cNQ&utm_campaign=yelp_api_v3&utm_medium=api_v3_business_search&utm_source=7HSD_ElH0JEr7gKDNC3cNQ;8;4.0;{'alias': 'venues', 'title': 'Venues & Event Spaces'};Orange;CA;92866

esNXSg0mViHgzh9_1CSsbA;Downtown Community Center;False;https://www.yelp.com/biz/downtown-community-center-anaheim?adjust_creative=7HSD_ElH0JEr7gKDNC3cNQ&utm_campaign=yelp_api_v3&utm_medium=api_v3_business_search&utm_source=7HSD_ElH0JEr7gKDNC3cNQ;4;3.0;{'alias': 'venues', 'title': 'Venues & Event Spaces'};Anaheim;CA;92805

37XhBJAPVGixtW8sVDRjhw;St Crispins Hall;False;https://www.yelp.com/biz/st-crispins-hall-anaheim?adjust_creative=7HSD_ElH0JEr7gKDNC3cNQ&utm_campaign=yelp_api_v3&utm_medium=api_v3_business_search&utm_source=7HSD_ElH0JEr7gKDNC3cNQ;2;4.5;{'alias': 'venues', 'title': 'Venues & Event Spaces'};Anaheim;CA;92801

CM8Eg5BcmN3l8vkzT5uOAA;Champion Site + Sound - Formerly Swing House;False;https://www.yelp.com/biz/champion-site-sound-formerly-swing-house-los-angeles?adjust_creative=7HSD_ElH0JEr7gKDNC3cNQ&utm_campaign=yelp_api_v3&utm_medium=api_v3_business_search&utm_source=7HSD_ElH0JEr7gKDNC3cNQ;25;4.5;{'alias': 'venues', 'title': 'Venues & Event Spaces'};Los Angeles;CA;90039

oZfNUfn0AOKqU9cdDVMqJQ;Knights of Columbus;False;https://www.yelp.com/biz/knights-of-columbus-anaheim?adjust_creative=7HSD_ElH0JEr7gKDNC3cNQ&utm_campaign=yelp_api_v3&utm_medium=api_v3_business_search&utm_source=7HSD_ElH0JEr7gKDNC3cNQ;2;4.5;{'alias': 'venues', 'title': 'Venues & Event Spaces'};Anaheim;CA;92801

I5TgXTAqvMXdsM0qNqqviw;Old World Banquet Halls;False;https://www.yelp.com/biz/old-world-banquet-halls-huntington-beach?adjust_creative=7HSD_ElH0JEr7gKDNC3cNQ&utm_campaign=yelp_api_v3&utm_medium=api_v3_business_search&utm_source=7HSD_ElH0JEr7gKDNC3cNQ;13;4.5;{'alias': 'venues', 'title': 'Venues & Event Spaces'};Huntington Beach;CA;92647

pFY58ndazlVAywZhMYM_KQ;Grasslands Catering;False;https://www.yelp.com/biz/grasslands-catering-anaheim?adjust_creative=7HSD_ElH0JEr7gKDNC3cNQ&utm_campaign=yelp_api_v3&utm_medium=api_v3_business_search&utm_source=7HSD_ElH0JEr7gKDNC3cNQ;1;5.0;{'alias': 'venues', 'title': 'Venues & Event Spaces'};Anaheim;CA;92802

Ip_RXRIk70hum6vnzLvZRQ;Anaheim Masonic Temple;False;https://www.yelp.com/biz/anaheim-masonic-temple-anaheim?adjust_creative=7HSD_ElH0JEr7gKDNC3cNQ&utm_campaign=yelp_api_v3&utm_medium=api_v3_business_search&utm_source=7HSD_ElH0JEr7gKDNC3cNQ;1;5.0;{'alias': 'venues', 'title': 'Venues & Event Spaces'};Anaheim;CA;92805

_AohM-w4xU66U8qRTLXXUw;Deck-B Parking Lot;False;https://www.yelp.com/biz/deck-b-parking-lot-anaheim?adjust_creative=7HSD_ElH0JEr7gKDNC3cNQ&utm_campaign=yelp_api_v3&utm_medium=api_v3_business_search&utm_source=7HSD_ElH0JEr7gKDNC3cNQ;1;5.0;{'alias': 'venues', 'title': 'Venues & Event Spaces'};Anaheim;CA;92806

60CllREKYNmfnxE7Me9Qrg;Marbella Country Club;False;https://www.yelp.com/biz/marbella-country-club-san-juan-capistrano?adjust_creative=7HSD_ElH0JEr7gKDNC3cNQ&utm_campaign=yelp_api_v3&utm_medium=api_v3_business_search&utm_source=7HSD_ElH0JEr7gKDNC3cNQ;40;4.0;{'alias': 'golf', 'title': 'Golf'};San Juan Capistrano;CA;92675

2VDbxNjWbqDDW9lN8d6kzw;City Banquet Hall;False;https://www.yelp.com/biz/city-banquet-hall-compton?adjust_creative=7HSD_ElH0JEr7gKDNC3cNQ&utm_campaign=yelp_api_v3&utm_medium=api_v3_business_search&utm_source=7HSD_ElH0JEr7gKDNC3cNQ;14;4.5;{'alias': 'venues', 'title': 'Venues & Event Spaces'};Compton;CA;90221

bXWDwQSOVhTlfFtx4JLcIQ;The Classic Fullerton Ballroom;False;https://www.yelp.com/biz/the-classic-fullerton-ballroom-fullerton?adjust_creative=7HSD_ElH0JEr7gKDNC3cNQ&utm_campaign=yelp_api_v3&utm_medium=api_v3_business_search&utm_source=7HSD_ElH0JEr7gKDNC3cNQ;2;5.0;{'alias': 'venues', 'title': 'Venues & Event Spaces'};Fullerton;CA;92832

2DEQDf0Sl4YWfLNy2fHi6Q;Bird Cage Theatre;False;https://www.yelp.com/biz/bird-cage-theatre-buena-park-2?adjust_creative=7HSD_ElH0JEr7gKDNC3cNQ&utm_campaign=yelp_api_v3&utm_medium=api_v3_business_search&utm_source=7HSD_ElH0JEr7gKDNC3cNQ;9;3.5;{'alias': 'movietheaters', 'title': 'Cinema'};Buena Park;CA;90620

V-WhjL2jhofCi9dpDSTwyQ;Golden Rose Banquet Hall;False;https://www.yelp.com/biz/golden-rose-banquet-hall-buena-park-3?adjust_creative=7HSD_ElH0JEr7gKDNC3cNQ&utm_campaign=yelp_api_v3&utm_medium=api_v3_business_search&utm_source=7HSD_ElH0JEr7gKDNC3cNQ;3;5.0;{'alias': 'venues', 'title': 'Venues & Event Spaces'};Buena Park;CA;90620

8Reok8mZYuTtYmzYHN1d5g;El Rodeo Stables;False;https://www.yelp.com/biz/el-rodeo-stables-brea?adjust_creative=7HSD_ElH0JEr7gKDNC3cNQ&utm_campaign=yelp_api_v3&utm_medium=api_v3_business_search&utm_source=7HSD_ElH0JEr7gKDNC3cNQ;8;4.5;{'alias': 'venues', 'title': 'Venues & Event Spaces'};Brea;CA;92823

zUG-fs0S1dWgKZRwCFPpog;Buena Park Community Center;False;https://www.yelp.com/biz/buena-park-community-center-buena-park?adjust_creative=7HSD_ElH0JEr7gKDNC3cNQ&utm_campaign=yelp_api_v3&utm_medium=api_v3_business_search&utm_source=7HSD_ElH0JEr7gKDNC3cNQ;6;4.0;{'alias': 'venues', 'title': 'Venues & Event Spaces'};Buena Park;CA;90621

uFcunVAE3QHAZAU4Ux3mvg;David L Baker Golf Course;False;https://www.yelp.com/biz/david-l-baker-golf-course-fountain-valley?adjust_creative=7HSD_ElH0JEr7gKDNC3cNQ&utm_campaign=yelp_api_v3&utm_medium=api_v3_business_search&utm_source=7HSD_ElH0JEr7gKDNC3cNQ;14;3.5;{'alias': 'venues', 'title': 'Venues & Event Spaces'};Fountain Valley;CA;92708

gd8xwX9GkACB274k4UoAEg;Rio Hondo by Wedgewood Weddings;False;https://www.yelp.com/biz/rio-hondo-by-wedgewood-weddings-downey?adjust_creative=7HSD_ElH0JEr7gKDNC3cNQ&utm_campaign=yelp_api_v3&utm_medium=api_v3_business_search&utm_source=7HSD_ElH0JEr7gKDNC3cNQ;17;4.0;{'alias': 'venues', 'title': 'Venues & Event Spaces'};Downey;CA;90241

WAutH6--TnP8VsX5GVlO5Q;Artspace Warehouse;False;https://www.yelp.com/biz/artspace-warehouse-los-angeles?adjust_creative=7HSD_ElH0JEr7gKDNC3cNQ&utm_campaign=yelp_api_v3&utm_medium=api_v3_business_search&utm_source=7HSD_ElH0JEr7gKDNC3cNQ;26;4.5;{'alias': 'galleries', 'title': 'Art Galleries'};Los Angeles;CA;90036

aIVLVTwJu5V6aKEIj3RP3g;Ehlers Event Center;False;https://www.yelp.com/biz/ehlers-event-center-buena-park?adjust_creative=7HSD_ElH0JEr7gKDNC3cNQ&utm_campaign=yelp_api_v3&utm_medium=api_v3_business_search&utm_source=7HSD_ElH0JEr7gKDNC3cNQ;9;3.5;{'alias': 'venues', 'title': 'Venues & Event Spaces'};Buena Park;CA;90620

GUMUyIKmEQXgF4kyGeQrKQ;Anaheim Alana Club;False;https://www.yelp.com/biz/anaheim-alana-club-anaheim?adjust_creative=7HSD_ElH0JEr7gKDNC3cNQ&utm_campaign=yelp_api_v3&utm_medium=api_v3_business_search&utm_source=7HSD_ElH0JEr7gKDNC3cNQ;4;2.0;{'alias': 'venues', 'title': 'Venues & Event Spaces'};Anaheim;CA;92805

hehblRjnhvxIy7WgK-f-CA;LAvish Photo Studios;False;https://www.yelp.com/biz/lavish-photo-studios-los-angeles?adjust_creative=7HSD_ElH0JEr7gKDNC3cNQ&utm_campaign=yelp_api_v3&utm_medium=api_v3_business_search&utm_source=7HSD_ElH0JEr7gKDNC3cNQ;11;4.5;{'alias': 'sessionphotography', 'title': 'Session Photography'};Los Angeles;CA;90021

70O8medUwldCC1b8hFkFsw;LGBT Center On 4th;False;https://www.yelp.com/biz/lgbt-center-on-4th-santa-ana?adjust_creative=7HSD_ElH0JEr7gKDNC3cNQ&utm_campaign=yelp_api_v3&utm_medium=api_v3_business_search&utm_source=7HSD_ElH0JEr7gKDNC3cNQ;5;4.0;{'alias': 'social_clubs', 'title': 'Social Clubs'};Santa Ana;CA;92701

A03REfh5Gfq_L6Mn53SDzg;Village Theater Of Orange;False;https://www.yelp.com/biz/village-theater-of-orange-orange?adjust_creative=7HSD_ElH0JEr7gKDNC3cNQ&utm_campaign=yelp_api_v3&utm_medium=api_v3_business_search&utm_source=7HSD_ElH0JEr7gKDNC3cNQ;9;3.0;{'alias': 'theater', 'title': 'Performing Arts'};Orange;CA;92867

wtGQxh8_cNteY8xHmEwj7w;Placentia Round Table Women's Club;False;https://www.yelp.com/biz/placentia-round-table-womens-club-placentia?adjust_creative=7HSD_ElH0JEr7gKDNC3cNQ&utm_campaign=yelp_api_v3&utm_medium=api_v3_business_search&utm_source=7HSD_ElH0JEr7gKDNC3cNQ;4;4.0;{'alias': 'venues', 'title': 'Venues & Event Spaces'};Placentia;CA;92870

qnB8uwinQFPfE0G0x_9SnQ;Garden Grove Community Meeting Center;False;https://www.yelp.com/biz/garden-grove-community-meeting-center-garden-grove?adjust_creative=7HSD_ElH0JEr7gKDNC3cNQ&utm_campaign=yelp_api_v3&utm_medium=api_v3_business_search&utm_source=7HSD_ElH0JEr7gKDNC3cNQ;5;3.5;{'alias': 'venues', 'title': 'Venues & Event Spaces'};Garden Grove;CA;92840

W_dIYG2lP2noOs5xjmIAnA;5 Points Studio;False;https://www.yelp.com/biz/5-points-studio-los-angeles-2?adjust_creative=7HSD_ElH0JEr7gKDNC3cNQ&utm_campaign=yelp_api_v3&utm_medium=api_v3_business_search&utm_source=7HSD_ElH0JEr7gKDNC3cNQ;8;5.0;{'alias': 'venues', 'title': 'Venues & Event Spaces'};Los Angeles;CA;90031

yYc-I77ij7vpF50oxuZYoQ;Wedding Venues and Estates;False;https://www.yelp.com/biz/wedding-venues-and-estates-southern-california-3?adjust_creative=7HSD_ElH0JEr7gKDNC3cNQ&utm_campaign=yelp_api_v3&utm_medium=api_v3_business_search&utm_source=7HSD_ElH0JEr7gKDNC3cNQ;10;4.5;{'alias': 'venues', 'title': 'Venues & Event Spaces'};Southern California;CA;92693

h_2TVg12O-srivQvXdWDJw;P&N Banquet Hall;False;https://www.yelp.com/biz/p-and-n-banquet-hall-santa-ana?adjust_creative=7HSD_ElH0JEr7gKDNC3cNQ&utm_campaign=yelp_api_v3&utm_medium=api_v3_business_search&utm_source=7HSD_ElH0JEr7gKDNC3cNQ;9;3.0;{'alias': 'venues', 'title': 'Venues & Event Spaces'};Santa Ana;CA;92706

CqiLJ6bNHLYlj9xFe_NMuw;American Family Living;False;https://www.yelp.com/biz/american-family-living-orange?adjust_creative=7HSD_ElH0JEr7gKDNC3cNQ&utm_campaign=yelp_api_v3&utm_medium=api_v3_business_search&utm_source=7HSD_ElH0JEr7gKDNC3cNQ;1;5.0;{'alias': 'psychologists', 'title': 'Psychologists'};Orange;CA;92865

Ch-IGX8hRA8DKuvHyCyyEA;American Way Cultural Center;False;https://www.yelp.com/biz/american-way-cultural-center-orange-2?adjust_creative=7HSD_ElH0JEr7gKDNC3cNQ&utm_campaign=yelp_api_v3&utm_medium=api_v3_business_search&utm_source=7HSD_ElH0JEr7gKDNC3cNQ;5;2.5;{'alias': 'culturalcenter', 'title': 'Cultural Center'};Orange;CA;92865

zTNBteQJ3zhLP7UF1qMiTw;The Studio DTSA;False;https://www.yelp.com/biz/the-studio-dtsa-santa-ana-3?adjust_creative=7HSD_ElH0JEr7gKDNC3cNQ&utm_campaign=yelp_api_v3&utm_medium=api_v3_business_search&utm_source=7HSD_ElH0JEr7gKDNC3cNQ;2;5.0;{'alias': 'sessionphotography', 'title': 'Session Photography'};Santa Ana;CA;92701

ncAJL7uIWcc-tdSS-0HgRA;Crystal Hall;False;https://www.yelp.com/biz/crystal-hall-anaheim?adjust_creative=7HSD_ElH0JEr7gKDNC3cNQ&utm_campaign=yelp_api_v3&utm_medium=api_v3_business_search&utm_source=7HSD_ElH0JEr7gKDNC3cNQ;5;2.0;{'alias': 'venues', 'title': 'Venues & Event Spaces'};Anaheim;CA;92801

EDphLK7T1uI8CGWDE8GVOA;Angeles National Golf Club;False;https://www.yelp.com/biz/angeles-national-golf-club-sunland-3?adjust_creative=7HSD_ElH0JEr7gKDNC3cNQ&utm_campaign=yelp_api_v3&utm_medium=api_v3_business_search&utm_source=7HSD_ElH0JEr7gKDNC3cNQ;159;2.5;{'alias': 'golf', 'title': 'Golf'};Sunland;CA;91040

